"cid","name","star","rating","rating_title","number_of_ratings","price","url","lat","lon"
0,"Le Relais Saint Michel","4 étoiles","7.8","Bien","1 910 expériences vécues","€ 78,32","https://www.booking.com/hotel/fr/le-relais-saint-michel.fr.html?sid=c17affa1402ef0976c5bc9a9b4c912ee","48.61758727","-1.51039615"
0,"Les Terrasses Poulard","3 étoiles","7.3","Bien","2 170 expériences vécues","€ 126,84","https://www.booking.com/hotel/fr/les-terrasses-poulard.fr.html?sid=c17affa1402ef0976c5bc9a9b4c912ee","48.63534943","-1.51037872"
0,"La Mère Poulard","3 étoiles","7.2","Bien","1 175 expériences vécues","€ 85,84","https://www.booking.com/hotel/fr/la-mere-poulard.fr.html?sid=c17affa1402ef0976c5bc9a9b4c912ee","48.63508532","-1.51053965"
0,"Hotel De La Digue","3 étoiles","7.1","Bien","2 093 expériences vécues","€ 77,84","https://www.booking.com/hotel/fr/de-la-digue.fr.html?sid=c17affa1402ef0976c5bc9a9b4c912ee","48.61688155","-1.51091784"
0,"Hôtel Vert","2 étoiles","8.1","Très bien","3 808 expériences vécues","€ 73,38","https://www.booking.com/hotel/fr/vert.fr.html?sid=c17affa1402ef0976c5bc9a9b4c912ee","48.61470049","-1.50961697"
0,"Mercure Mont Saint Michel","4 étoiles","8.2","Très bien","3 101 expériences vécues","€ 90,16","https://www.booking.com/hotel/fr/mont-saint-michel.fr.html?sid=c17affa1402ef0976c5bc9a9b4c912ee","48.61424653","-1.51054502"
0,"Le Mouton Blanc","3 étoiles","7.2","Bien","1 639 expériences vécues","€ 121,84","https://www.booking.com/hotel/fr/le-mouton-blanc-le-mont-saint-michel.fr.html?sid=c17affa1402ef0976c5bc9a9b4c912ee","48.63602298","-1.50989592"
0,"Hotel Gabriel","3 étoiles","8.1","Très bien","2 475 expériences vécues","","https://www.booking.com/hotel/fr/hotel-gabriel.fr.html?sid=c17affa1402ef0976c5bc9a9b4c912ee","48.61538141","-1.51070997"
0,"La Vieille Auberge","2 étoiles","7.4","Bien","1 195 expériences vécues","€ 172,38","https://www.booking.com/hotel/fr/la-vieille-auberge-le-mont-saint-michel.fr.html?sid=c17affa1402ef0976c5bc9a9b4c912ee","48.63606300","-1.51145700"
0,"Le Saint Aubert","3 étoiles","7.3","Bien","1 230 expériences vécues","","https://www.booking.com/hotel/fr/hotel-saint-aubert.fr.html?sid=c17affa1402ef0976c5bc9a9b4c912ee","48.61293783","-1.51010513"
1,"Kyriad Prestige Saint-Malo","3 étoiles","8.6","Superbe","3 265 expériences vécues","€ 75,15","https://www.booking.com/hotel/fr/kyriad-prestige-saint-malo-xml.fr.html?sid=46b2b94f90177f45a3b6c9b9b198e3bb","48.63609920","-1.98920667"
1,"Hotel De L'univers","3 étoiles","8.1","Très bien","2 128 expériences vécues","€ 63,35","https://www.booking.com/hotel/fr/de-l-univers.fr.html?sid=46b2b94f90177f45a3b6c9b9b198e3bb","48.65104101","-2.02372670"
1,"ibis budget Saint Malo Centre","2 étoiles","7.6","Bien","2 185 expériences vécues","€ 46,89","https://www.booking.com/hotel/fr/etap-saint-malo-centre.fr.html?sid=46b2b94f90177f45a3b6c9b9b198e3bb","48.63827265","-2.00941622"
1,"Escale Oceania Saint Malo","3 étoiles","8.2","Très bien","1 960 expériences vécues","€ 87,70","https://www.booking.com/hotel/fr/mascottesaintmalo.fr.html?sid=46b2b94f90177f45a3b6c9b9b198e3bb","48.65428009","-2.00883776"
1,"Oceania Saint Malo","4 étoiles","8.4","Très bien","1 992 expériences vécues","€ 125,10","https://www.booking.com/hotel/fr/oceaniasaintmalo.fr.html?sid=46b2b94f90177f45a3b6c9b9b198e3bb","48.65175689","-2.01843202"
1,"Golden Tulip Saint Malo– Le Grand Bé","4 étoiles","9","Fabuleux","1 694 expériences vécues","€ 118,15","https://www.booking.com/hotel/fr/golden-tulip-saint-malo.fr.html?sid=46b2b94f90177f45a3b6c9b9b198e3bb","48.64956907","-2.02686496"
1,"B&B Hôtel Saint-Malo Centre","2 étoiles","7.3","Bien","1 909 expériences vécues","€ 53,98","https://www.booking.com/hotel/fr/b-b-saint-malo.fr.html?sid=46b2b94f90177f45a3b6c9b9b198e3bb","48.63682324","-1.99040147"
1,"Hôtel de la Cité","3 étoiles","7.7","Bien","1 940 expériences vécues","€ 71,50","https://www.booking.com/hotel/fr/de-la-cite.fr.html?sid=46b2b94f90177f45a3b6c9b9b198e3bb","48.65130149","-2.02511072"
1,"Hotel Kyriad Saint Malo Centre Plage","3 étoiles","8","Très bien","1 994 expériences vécues","€ 67,70","https://www.booking.com/hotel/fr/bleumarinesaintmalo.fr.html?sid=46b2b94f90177f45a3b6c9b9b198e3bb","48.65538573","-2.00562447"
1,"Hôtel de France et Chateaubriand","3 étoiles","7.9","Bien","2 506 expériences vécues","€ 75,50","https://www.booking.com/hotel/fr/de-france-et-chateaubriand.fr.html?sid=46b2b94f90177f45a3b6c9b9b198e3bb","48.65119340","-2.02379644"
2,"Premiere Classe Bayeux","1 étoiles","7.7","Bien","2 365 expériences vécues","€ 37,70","https://www.booking.com/hotel/fr/premiere-classe-bayeux.fr.html?sid=56ae336b76c14d85e85491636f042126","49.26942872","-0.70668697"
2,"ibis budget Bayeux","2 étoiles","8.2","Très bien","2 018 expériences vécues","€ 41,80","https://www.booking.com/hotel/fr/etap-bayeux.fr.html?sid=56ae336b76c14d85e85491636f042126","49.25424209","-0.64648747"
2,"Château de Bellefontaine","4 étoiles","8.2","Très bien","1 142 expériences vécues","€ 45,80","https://www.booking.com/hotel/fr/chateau-de-bellefontaine.fr.html?sid=56ae336b76c14d85e85491636f042126","49.26974024","-0.68883955"
2,"Campanile Bayeux","3 étoiles","7.5","Bien","1 251 expériences vécues","€ 46,10","https://www.booking.com/hotel/fr/campanile-bayeux.fr.html?sid=56ae336b76c14d85e85491636f042126","49.26999926","-0.70694983"
2,"Hôtel De Brunville et La Table du Grand Luxembourg","3 étoiles","7.8","Bien","594 expériences vécues","€ 77,20","https://www.booking.com/hotel/fr/hoteldebrunville.fr.html?sid=56ae336b76c14d85e85491636f042126","49.27815769","-0.70351392"
2,"Grand Hôtel du Luxembourg et La Table du Grand Luxembourg","4 étoiles","7.8","Bien","1 084 expériences vécues","€ 105,47","https://www.booking.com/hotel/fr/hotelduluxembourg.fr.html?sid=56ae336b76c14d85e85491636f042126","49.27842191","-0.70329666"
2,"Hotel Reine Mathilde","2 étoiles","8.7","Superbe","1 033 expériences vécues","€ 62,60","https://www.booking.com/hotel/fr/reine-mathilde-bayeux.fr.html?sid=56ae336b76c14d85e85491636f042126","49.27603159","-0.70172489"
2,"Hotel Le Lion D'Or et Restaurant La Table Du Lion","3 étoiles","8.6","Superbe","438 expériences vécues","€ 79,20","https://www.booking.com/hotel/fr/le-lion-d-or-bayeux.fr.html?sid=56ae336b76c14d85e85491636f042126","49.27627832","-0.69836944"
2,"Hôtel Le Bayeux","3 étoiles","8.2","Très bien","545 expériences vécues","€ 73,20","https://www.booking.com/hotel/fr/le-bayeux.fr.html?sid=56ae336b76c14d85e85491636f042126","49.27415914","-0.70450634"
2,"La Maison de Mathilde","","9","Fabuleux","311 expériences vécues","€ 111,60","https://www.booking.com/hotel/fr/la-maison-de-mathilde.fr.html?sid=56ae336b76c14d85e85491636f042126","49.27647468","-0.70247008"
3,"Nomad Hotel le Havre","3 étoiles","8.6","Superbe","3 092 expériences vécues","€ 64,21","https://www.booking.com/hotel/fr/nomad-le-havre.fr.html?sid=29bde5e3310487cd4a55ff242dececea","49.49331760","0.12530688"
3,"ibis Le Havre Centre","3 étoiles","8.1","Très bien","2 610 expériences vécues","€ 60,50","https://www.booking.com/hotel/fr/hotelibislehavre.fr.html?sid=29bde5e3310487cd4a55ff242dececea","49.49164142","0.11876017"
3,"Holiday Inn Express - Le Havre Centre","3 étoiles","8.2","Très bien","2 239 expériences vécues","€ 61,50","https://www.booking.com/hotel/fr/campanile-le-havre-centre.fr.html?sid=29bde5e3310487cd4a55ff242dececea","49.49823800","0.12883700"
3,"Ibis Budget Le Havre Les Docks","2 étoiles","8.4","Très bien","1 764 expériences vécues","€ 49,90","https://www.booking.com/hotel/fr/ibis-budget-le-havre-centre.fr.html?sid=29bde5e3310487cd4a55ff242dececea","49.49424468","0.14285243"
3,"Premiere Classe Le Havre Centre-LES DOCKS","2 étoiles","7.5","Bien","1 696 expériences vécues","€ 41,85","https://www.booking.com/hotel/fr/premiere-classe-le-havre-centre.fr.html?sid=29bde5e3310487cd4a55ff242dececea","49.49641693","0.15151234"
3,"B&B Hotel LE HAVRE Centre Gare","3 étoiles","7.4","Bien","1 463 expériences vécues","€ 51","https://www.booking.com/hotel/fr/b-b-le-havre-centre-gare.fr.html?sid=29bde5e3310487cd4a55ff242dececea","49.49304600","0.12416300"
3,"Kyriad Le Havre Centre","3 étoiles","6.9","Note","1 355 expériences vécues","€ 50,50","https://www.booking.com/hotel/fr/kyriadlehavrecentre.fr.html?sid=29bde5e3310487cd4a55ff242dececea","49.49308921","0.13096154"
3,"Mercure Le Havre Centre Bassin Du Commerce","4 étoiles","7.6","Bien","1 300 expériences vécues","€ 87,25","https://www.booking.com/hotel/fr/mercure-bassin-du-commerce.fr.html?sid=29bde5e3310487cd4a55ff242dececea","49.49033645","0.11681288"
3,"Hotel Spa Le Pasino","4 étoiles","8.4","Très bien","580 expériences vécues","€ 114,50","https://www.booking.com/hotel/fr/pasino.fr.html?sid=29bde5e3310487cd4a55ff242dececea","49.49117449","0.11193663"
3,"Le Richelieu","2 étoiles","7.3","Bien","946 expériences vécues","€ 46,05","https://www.booking.com/hotel/fr/le-richelieu-le-havre.fr.html?sid=29bde5e3310487cd4a55ff242dececea","49.48881105","0.10760218"
4,"Astrid","","6.5","Note","1 465 expériences vécues","€ 35,50","https://www.booking.com/hotel/fr/hotelastrid_rouen.fr.html?sid=8ab61e8e6817ba6767e54465fb789241","49.44830636","1.09381422"
4,"Brit Hotel Confort Rouen Centre","2 étoiles","7.5","Bien","1 623 expériences vécues","€ 54,60","https://www.booking.com/hotel/fr/le-relais-des-2-rivieres.fr.html?sid=8ab61e8e6817ba6767e54465fb789241","49.43869536","1.10920340"
4,"Campanile Rouen Mermoz","3 étoiles","8.2","Très bien","2 289 expériences vécues","€ 58,70","https://www.booking.com/hotel/fr/campanile-rouen-mermoz.fr.html?sid=8ab61e8e6817ba6767e54465fb789241","49.43443341","1.07183611"
4,"Kyriad Rouen Centre","3 étoiles","6.9","Note","1 805 expériences vécues","€ 56,10","https://www.booking.com/hotel/fr/rouencentre.fr.html?sid=8ab61e8e6817ba6767e54465fb789241","49.44158357","1.08144455"
4,"Best Western Plus Hotel Litteraire Gustave Flaubert","4 étoiles","8.6","Superbe","1 755 expériences vécues","€ 78","https://www.booking.com/hotel/fr/hotellitterairegustaveflaubert.fr.html?sid=8ab61e8e6817ba6767e54465fb789241","49.44306423","1.08660311"
4,"Holiday Inn Express - Rouen Centre - Rive Gauche, an IHG Hotel","3 étoiles","8.5","Très bien","2 066 expériences vécues","€ 69,95","https://www.booking.com/hotel/fr/holiday-inn-express-rouen-centre-rive-gauche.fr.html?sid=8ab61e8e6817ba6767e54465fb789241","49.42998800","1.07239800"
4,"ibis Rouen Centre Champ de Mars","3 étoiles","8.2","Très bien","2 335 expériences vécues","€ 59,10","https://www.booking.com/hotel/fr/ibis-rouen-champ-de-mars.fr.html?sid=8ab61e8e6817ba6767e54465fb789241","49.43572312","1.10273123"
4,"Hôtel De La Cathédrale","3 étoiles","7.9","Bien","1 946 expériences vécues","€ 77,20","https://www.booking.com/hotel/fr/de-la-cathedrale.fr.html?sid=8ab61e8e6817ba6767e54465fb789241","49.44011681","1.09693363"
4,"B&B Hôtel Rouen Centre St Sever","3 étoiles","6.7","Note","1 134 expériences vécues","€ 52,20","https://www.booking.com/hotel/fr/comforthotelrouencentre.fr.html?sid=8ab61e8e6817ba6767e54465fb789241","49.43032628","1.08483285"
4,"Les Initiés","2 étoiles","8.3","Très bien","1 433 expériences vécues","€ 56,60","https://www.booking.com/hotel/fr/les-inities-rouen.fr.html?sid=8ab61e8e6817ba6767e54465fb789241","49.44197641","1.09243892"
5,"B&B Hôtel Paris 17 Batignolles","3 étoiles","8.1","Très bien","3 826 expériences vécues","€ 72,76","https://www.booking.com/hotel/fr/parisboulevardberthier.fr.html?sid=1610f962b30de3d2bf0344f847153feb","48.89431407","2.31234401"
5,"Hotel Concorde Montparnasse","4 étoiles","7.9","Bien","5 183 expériences vécues","€ 106,88","https://www.booking.com/hotel/fr/hotelparismontparn.fr.html?sid=1610f962b30de3d2bf0344f847153feb","48.83765251","2.31828555"
5,"B&B Hôtel Paris Porte des Lilas","2 étoiles","7.8","Bien","3 388 expériences vécues","€ 60,13","https://www.booking.com/hotel/fr/b-amp-b-porte-des-lilas.fr.html?sid=1610f962b30de3d2bf0344f847153feb","48.87818770","2.40930320"
5,"Campanile Hotel Paris Bercy Village","3 étoiles","7.9","Bien","4 271 expériences vécues","€ 75,88","https://www.booking.com/hotel/fr/parisbercyvillage.fr.html?sid=1610f962b30de3d2bf0344f847153feb","48.83512358","2.38760747"
5,"MEININGER Hotel Paris Porte de Vincennes","","8.1","Très bien","4 004 expériences vécues","€ 54,43","https://www.booking.com/hotel/fr/meininger-paris-porte-de-vincennes.fr.html?sid=1610f962b30de3d2bf0344f847153feb","48.84410500","2.41306300"
5,"hotelF1 Paris Porte de Châtillon","","7.3","Bien","8 749 expériences vécues","€ 37,45","https://www.booking.com/hotel/fr/hotelf1-paris-porte-de-chatillon-paris.fr.html?sid=1610f962b30de3d2bf0344f847153feb","48.82234006","2.31634179"
5,"ibis Budget Paris La Villette 19ème","2 étoiles","7.3","Bien","6 942 expériences vécues","€ 60,13","https://www.booking.com/hotel/fr/ibis-budget-paris-la-villette.fr.html?sid=1610f962b30de3d2bf0344f847153feb","48.88466000","2.37670400"
5,"citizenM Paris Gare de Lyon","4 étoiles","8.6","Superbe","10 481 expériences vécues","€ 114,76","https://www.booking.com/hotel/fr/citizenm-paris-gare-de-lyon.fr.html?sid=1610f962b30de3d2bf0344f847153feb","48.84372622","2.37172722"
5,"Hotel Terminus Lyon","3 étoiles","8","Très bien","3 952 expériences vécues","€ 56,88","https://www.booking.com/hotel/fr/hotelterminuslyon.fr.html?sid=1610f962b30de3d2bf0344f847153feb","48.84574893","2.37181708"
5,"ibis Styles Paris Bercy","3 étoiles","7.7","Bien","5 681 expériences vécues","€ 81,88","https://www.booking.com/hotel/fr/mercure-paris-bercy.fr.html?sid=1610f962b30de3d2bf0344f847153feb","48.83841913","2.38109350"
6,"ibis budget Amiens Centre Gare","2 étoiles","8.2","Très bien","2 347 expériences vécues","€ 56,80","https://www.booking.com/hotel/fr/ibis-budget-amiens-centre-gare.fr.html?sid=421083e3aacf8f295df5db9c57ef9780","49.89159100","2.31357300"
6,"Comfort Hotel Amiens Nord","3 étoiles","6.9","Note","2 489 expériences vécues","€ 51","https://www.booking.com/hotel/fr/kyriad-amiens-nord-xml.fr.html?sid=421083e3aacf8f295df5db9c57ef9780","49.92513403","2.30457276"
6,"Holiday Inn Express Amiens, an IHG Hotel","3 étoiles","8.2","Très bien","2 406 expériences vécues","€ 81,95","https://www.booking.com/hotel/fr/express-by-holiday-inn.fr.html?sid=421083e3aacf8f295df5db9c57ef9780","49.89167620","2.30775386"
6,"Première Classe Amiens","2 étoiles","6.3","Note","1 370 expériences vécues","€ 32,60","https://www.booking.com/hotel/fr/premia-re-classe-amiens.fr.html?sid=421083e3aacf8f295df5db9c57ef9780","49.91856793","2.29331338"
6,"ibis Amiens Centre Cathedrale","3 étoiles","7.4","Bien","1 495 expériences vécues","€ 58,20","https://www.booking.com/hotel/fr/ibis-amiens-centre-cathedrale.fr.html?sid=421083e3aacf8f295df5db9c57ef9780","49.89199900","2.29197000"
6,"Mercure Amiens Cathédrale","4 étoiles","8.3","Très bien","1 529 expériences vécues","€ 100,20","https://www.booking.com/hotel/fr/mercure-amiens-cathdrale.fr.html?sid=421083e3aacf8f295df5db9c57ef9780","49.89571084","2.29956239"
6,"ibis Styles Amiens Centre","3 étoiles","8.6","Superbe","893 expériences vécues","€ 87","https://www.booking.com/hotel/fr/ibis-styles-amiens-centre.fr.html?sid=421083e3aacf8f295df5db9c57ef9780","49.89142200","2.30499600"
6,"Hotel Le Prieuré et La Résidence","3 étoiles","8.4","Très bien","1 000 expériences vécues","€ 82,50","https://www.booking.com/hotel/fr/le-prieure-amiens.fr.html?sid=421083e3aacf8f295df5db9c57ef9780","49.89444519","2.30094239"
6,"Hôtel De Normandie","2 étoiles","6.8","Note","743 expériences vécues","€ 43,70","https://www.booking.com/hotel/fr/de-normandie-amiens.fr.html?sid=421083e3aacf8f295df5db9c57ef9780","49.89148612","2.30435550"
6,"La Chambre D'Amiens","3 étoiles","8.6","Superbe","938 expériences vécues","€ 93","https://www.booking.com/hotel/fr/la-chambre-d-39-amiens.fr.html?sid=421083e3aacf8f295df5db9c57ef9780","49.89448371","2.27680253"
7,"Hôtel Calm Lille","2 étoiles","7.9","Bien","2 797 expériences vécues","€ 54,99","https://www.booking.com/hotel/fr/calm-lille.fr.html?sid=6867584710d06d1c0da36776c4c46ab7","50.63528798","3.06970725"
7,"Hotel Lille Europe","3 étoiles","8.1","Très bien","4 499 expériences vécues","€ 58,55","https://www.booking.com/hotel/fr/lille-europe.fr.html?sid=6867584710d06d1c0da36776c4c46ab7","50.63788756","3.07268500"
7,"ibis Styles Lille Centre Gare Beffroi","3 étoiles","7.8","Bien","2 785 expériences vécues","€ 56,65","https://www.booking.com/hotel/fr/ibis-styles-lille-centre-gare-beffroi.fr.html?sid=6867584710d06d1c0da36776c4c46ab7","50.63238245","3.06794286"
7,"B&B Hôtel Lille Centre Grand Palais","3 étoiles","8","Très bien","3 279 expériences vécues","€ 53,65","https://www.booking.com/hotel/fr/b-b-lille-centre-grand-palais.fr.html?sid=6867584710d06d1c0da36776c4c46ab7","50.62813750","3.08142364"
7,"Moxy Lille City","3 étoiles","8.7","Superbe","1 322 expériences vécues","€ 89","https://www.booking.com/hotel/fr/moxy-lille-city-center-france.fr.html?sid=6867584710d06d1c0da36776c4c46ab7","50.62783100","3.06359200"
7,"ibis budget Lille Centre","2 étoiles","7.1","Bien","2 492 expériences vécues","€ 45,99","https://www.booking.com/hotel/fr/ibis-budget-lille-centre.fr.html?sid=6867584710d06d1c0da36776c4c46ab7","50.64241422","3.06787005"
7,"Holiday Inn Express Lille Centre, an IHG Hotel","3 étoiles","8.1","Très bien","2 943 expériences vécues","€ 77,30","https://www.booking.com/hotel/fr/expressbyholidayinnlille.fr.html?sid=6867584710d06d1c0da36776c4c46ab7","50.63075938","3.05808842"
7,"Grand Hotel Bellevue - Grand Place","4 étoiles","8.5","Très bien","2 177 expériences vécues","€ 116,96","https://www.booking.com/hotel/fr/grandhotelbellevue.fr.html?sid=6867584710d06d1c0da36776c4c46ab7","50.63654707","3.06234241"
7,"Campanile Lille Euralille","3 étoiles","8.2","Très bien","3 033 expériences vécues","€ 60,65","https://www.booking.com/hotel/fr/campanile-lille-euralille-xml.fr.html?sid=6867584710d06d1c0da36776c4c46ab7","50.64569830","3.07210967"
7,"Hotel Chagnot","3 étoiles","7.9","Bien","2 578 expériences vécues","€ 58,65","https://www.booking.com/hotel/fr/hotel-balladins-superior-lille-centre.fr.html?sid=6867584710d06d1c0da36776c4c46ab7","50.63624596","3.06924239"
8,"voco Strasbourg Centre - The Garden, an IHG Hotel","4 étoiles","8.6","Superbe","4 375 expériences vécues","€ 91,52","https://www.booking.com/hotel/fr/golden-tulip-strasbourg-centre-the-garden.fr.html?sid=4a33049f79c4e7a287862060ec70f9c9","48.58968500","7.73950800"
8,"Le Grand Hotel","3 étoiles","8.3","Très bien","4 180 expériences vécues","€ 72,75","https://www.booking.com/hotel/fr/legrandhotel.fr.html?sid=4a33049f79c4e7a287862060ec70f9c9","48.58469688","7.73656100"
8,"Hôtel Athena Spa","4 étoiles","8.6","Superbe","4 173 expériences vécues","€ 94,84","https://www.booking.com/hotel/fr/athena-spa.fr.html?sid=4a33049f79c4e7a287862060ec70f9c9","48.59173665","7.71170497"
8,"Hôtel ORIGAMI","3 étoiles","9","Fabuleux","5 328 expériences vécues","€ 70,05","https://www.booking.com/hotel/fr/origami.fr.html?sid=4a33049f79c4e7a287862060ec70f9c9","48.59108149","7.72709400"
8,"Comfort Hotel Strasbourg - Montagne Verte","2 étoiles","8.4","Très bien","6 329 expériences vécues","€ 50,77","https://www.booking.com/hotel/fr/comforthotelstras.fr.html?sid=4a33049f79c4e7a287862060ec70f9c9","48.57269177","7.72871353"
8,"Hotel Kaijoo by HappyCulture","4 étoiles","7.4","Bien","2 943 expériences vécues","€ 74,84","https://www.booking.com/hotel/fr/hotel-kaijoo-by-happyculture.fr.html?sid=4a33049f79c4e7a287862060ec70f9c9","48.58341403","7.74176516"
8,"Ibis Budget Strasbourg Centre Gare","2 étoiles","7.9","Bien","2 584 expériences vécues","€ 59,80","https://www.booking.com/hotel/fr/ibis-budget-strasbourg-centre-gare.fr.html?sid=4a33049f79c4e7a287862060ec70f9c9","48.58508170","7.73644330"
8,"Le Kléber Hôtel","3 étoiles","7.9","Bien","3 095 expériences vécues","€ 53,90","https://www.booking.com/hotel/fr/le-kleber.fr.html?sid=4a33049f79c4e7a287862060ec70f9c9","48.58373253","7.74504483"
8,"Cap Europe","","5.7","Note","2 556 expériences vécues","€ 56,60","https://www.booking.com/hotel/fr/cap-europe.fr.html?sid=4a33049f79c4e7a287862060ec70f9c9","48.59117448","7.75329530"
8,"HANNONG Hotel & Wine Bar","4 étoiles","8.8","Superbe","2 735 expériences vécues","€ 71,42","https://www.booking.com/hotel/fr/tihannong.fr.html?sid=4a33049f79c4e7a287862060ec70f9c9","48.58279611","7.74312839"
10,"Ibis Colmar Est - Hotel Restaurant en Alsace","3 étoiles","7.6","Bien","2 192 expériences vécues","€ 53,83","https://www.booking.com/hotel/fr/ibis-colmar-horbourg-wihr.fr.html?sid=9bdfd0d74143e73f1bb5dbf8a5285049","48.07790332","7.40279764"
10,"Ibis Budget Colmar Centre Gare","2 étoiles","7.3","Bien","3 338 expériences vécues","€ 48,85","https://www.booking.com/hotel/fr/ibis-budget-colmar-centre-ville.fr.html?sid=9bdfd0d74143e73f1bb5dbf8a5285049","48.07969759","7.35236159"
10,"Grand Hôtel Bristol","4 étoiles","8.1","Très bien","2 608 expériences vécues","€ 85,15","https://www.booking.com/hotel/fr/grandhotelbristol.fr.html?sid=9bdfd0d74143e73f1bb5dbf8a5285049","48.07245883","7.34755754"
10,"Comfort Hotel Expo Colmar","3 étoiles","8.7","Superbe","2 605 expériences vécues","€ 50,60","https://www.booking.com/hotel/fr/comfort-expo-colmar.fr.html?sid=9bdfd0d74143e73f1bb5dbf8a5285049","48.09965719","7.36240150"
10,"Hotel Primo Colmar Centre","","6.4","Note","3 214 expériences vécues","€ 40,70","https://www.booking.com/hotel/fr/primo-colmar.fr.html?sid=9bdfd0d74143e73f1bb5dbf8a5285049","48.08151469","7.35728122"
10,"Hotel L'Europe","4 étoiles","8.3","Très bien","1 884 expériences vécues","€ 72,20","https://www.booking.com/hotel/fr/l-europe.fr.html?sid=9bdfd0d74143e73f1bb5dbf8a5285049","48.07720622","7.40387186"
10,"Hôtel Turenne","3 étoiles","8.6","Superbe","4 281 expériences vécues","€ 57,15","https://www.booking.com/hotel/fr/turenne-colmar.fr.html?sid=9bdfd0d74143e73f1bb5dbf8a5285049","48.07192026","7.36053944"
10,"Le Colombier","4 étoiles","8.5","Très bien","2 250 expériences vécues","€ 116,50","https://www.booking.com/hotel/fr/colombiercolmar.fr.html?sid=9bdfd0d74143e73f1bb5dbf8a5285049","48.07376803","7.35829376"
10,"Campanile Colmar - Parc des Expositions","3 étoiles","7.4","Bien","1 838 expériences vécues","€ 50,10","https://www.booking.com/hotel/fr/campanile-colmar-aeroport.fr.html?sid=9bdfd0d74143e73f1bb5dbf8a5285049","48.10965199","7.36455202"
10,"Hôtel Roi Soleil Colmar","2 étoiles","7.8","Bien","2 860 expériences vécues","€ 52,70","https://www.booking.com/hotel/fr/roi-soleil.fr.html?sid=9bdfd0d74143e73f1bb5dbf8a5285049","48.11247800","7.36766875"
11,"Brit Hotel Confort La Ferme du Pape","3 étoiles","7.9","Bien","1 553 expériences vécues","€ 46,20","https://www.booking.com/hotel/fr/hostellerie-du-pape.fr.html?sid=67b1800b3eb204fdb34946add2971e97","48.04228862","7.30945140"
11,"James Vignoble Hôtel - Eguisheim","4 étoiles","8.8","Superbe","895 expériences vécues","€ 101,86","https://www.booking.com/hotel/fr/saint-hubert-eguisheim.fr.html?sid=67b1800b3eb204fdb34946add2971e97","48.04496277","7.30157845"
11,"Hotel Colmar Vignes Eguisheim","2 étoiles","8.8","Superbe","948 expériences vécues","","https://www.booking.com/hotel/fr/auberge-des-comtes.fr.html?sid=67b1800b3eb204fdb34946add2971e97","48.04327133","7.30412185"
11,"L'Hostellerie du Château","3 étoiles","9.1","Fabuleux","522 expériences vécues","","https://www.booking.com/hotel/fr/hostellerie-du-chateau-eguisheim.fr.html?sid=67b1800b3eb204fdb34946add2971e97","48.04242043","7.30631925"
11,"Hôtel Restaurant À la ville de Nancy","","8.4","Très bien","324 expériences vécues","€ 66,76","https://www.booking.com/hotel/fr/ha-tel-restaurant-a-la-ville-de-nancy.fr.html?sid=67b1800b3eb204fdb34946add2971e97","48.04349458","7.30439007"
11,"Hôtel L'Auberge Alsacienne","3 étoiles","8.6","Superbe","519 expériences vécues","€ 93,20","https://www.booking.com/hotel/fr/ha-tel-restaurant-l-auberge-alsacienne.fr.html?sid=67b1800b3eb204fdb34946add2971e97","48.04223841","7.30916776"
11,"Résidence Pierre & Vacances Le Clos d'Eguisheim","4 étoiles","8","Très bien","647 expériences vécues","€ 62,72","https://www.booking.com/hotel/fr/residence-pierre-et-vacances-le-clos-d-eguisheim.fr.html?sid=67b1800b3eb204fdb34946add2971e97","48.04502734","7.31185466"
11,"Les chambres du domaine","","9.2","Fabuleux","80 expériences vécues","","https://www.booking.com/hotel/fr/les-chambres-du-domaine.fr.html?sid=67b1800b3eb204fdb34946add2971e97","48.04296300","7.30721600"
11,"notre maison à Eguisheim","","9","Fabuleux","96 expériences vécues","€ 105,28","https://www.booking.com/hotel/fr/notre-maison-a-eguisheim.fr.html?sid=67b1800b3eb204fdb34946add2971e97","48.04159900","7.30616100"
11,"Résidence Vénus","","8.8","Superbe","108 expériences vécues","€ 114,40","https://www.booking.com/hotel/fr/ra-c-sidence-va-c-nus.fr.html?sid=67b1800b3eb204fdb34946add2971e97","48.04363894","7.30606377"
13,"Kyriad Hotel Dijon Gare","3 étoiles","7.3","Bien","2 943 expériences vécues","€ 87,15","https://www.booking.com/hotel/fr/kyriad-gare.fr.html?sid=cafed8b3057db4d537277db938d68249","47.32279604","5.02989829"
13,"Holiday Inn Dijon Toison D'or, an IHG Hotel","4 étoiles","8","Très bien","2 822 expériences vécues","€ 100,63","https://www.booking.com/hotel/fr/holiday-inn-dijon.fr.html?sid=cafed8b3057db4d537277db938d68249","47.35570000","5.05200000"
13,"Première Classe Dijon Nord - Zénith","1 étoiles","7","Bien","2 593 expériences vécues","€ 39,66","https://www.booking.com/hotel/fr/premiere-classe-dijon-nord.fr.html?sid=cafed8b3057db4d537277db938d68249","47.35150732","5.06918862"
13,"Holiday Inn Express Dijon, an IHG Hotel","3 étoiles","8.3","Très bien","3 380 expériences vécues","€ 82,40","https://www.booking.com/hotel/fr/holiday-inn-express-dijon.fr.html?sid=cafed8b3057db4d537277db938d68249","47.32699910","5.07608727"
13,"Novotel Dijon Route des Grands Crus","4 étoiles","7.3","Bien","1 763 expériences vécues","€ 91,53","https://www.booking.com/hotel/fr/novotel-dijon-sud.fr.html?sid=cafed8b3057db4d537277db938d68249","47.27952743","5.00770569"
13,"Comfort Hotel Dijon Sud - 21600 LONGVIC","3 étoiles","8.1","Très bien","3 152 expériences vécues","€ 56,65","https://www.booking.com/hotel/fr/comfort-longvic.fr.html?sid=cafed8b3057db4d537277db938d68249","47.27176415","5.04512519"
13,"Hôtel Restaurant initial by balladins Dijon Nord","2 étoiles","7.6","Bien","1 269 expériences vécues","€ 54,98","https://www.booking.com/hotel/fr/hotel-balladins-dijon-nord-superior.fr.html?sid=cafed8b3057db4d537277db938d68249","47.35121566","5.06966740"
13,"ibis Dijon Gare","3 étoiles","8","Très bien","2 397 expériences vécues","€ 70,65","https://www.booking.com/hotel/fr/ibis-dijon-gare.fr.html?sid=cafed8b3057db4d537277db938d68249","47.32223149","5.02388611"
13,"Kyriad Dijon Sud - 21600 LONGVIC","3 étoiles","8.1","Très bien","2 056 expériences vécues","€ 56,65","https://www.booking.com/hotel/fr/dijon-longvic.fr.html?sid=cafed8b3057db4d537277db938d68249","47.27206626","5.04385114"
13,"Campanile Dijon Centre - Gare","3 étoiles","6.8","Note","1 894 expériences vécues","€ 69,15","https://www.booking.com/hotel/fr/campanile-dijon-centre-gare-xml.fr.html?sid=cafed8b3057db4d537277db938d68249","47.32331785","5.02963811"
14,"Best Western Hotel International","3 étoiles","8.1","Très bien","3 502 expériences vécues","€ 60,60","https://www.booking.com/hotel/fr/best-western-international.fr.html?sid=39a0448c6812c45860f5851e3e40121d","45.89998968","6.11575842"
14,"Best Hotel Annecy","3 étoiles","7.9","Bien","3 149 expériences vécues","€ 60,20","https://www.booking.com/hotel/fr/best-ha-tel-annecy.fr.html?sid=39a0448c6812c45860f5851e3e40121d","45.90074937","6.10030085"
14,"Best Western Plus Hotel Carlton Annecy","4 étoiles","8.3","Très bien","2 407 expériences vécues","€ 89,85","https://www.booking.com/hotel/fr/bestwesterncarlton.fr.html?sid=39a0448c6812c45860f5851e3e40121d","45.90034806","6.12239420"
14,"ibis Annecy Centre Vieille Ville","3 étoiles","8.3","Très bien","2 991 expériences vécues","€ 68,10","https://www.booking.com/hotel/fr/ibis-annecy-centre-vieille-ville.fr.html?sid=39a0448c6812c45860f5851e3e40121d","45.89823880","6.12250954"
14,"Hôtel Les Muses","3 étoiles","7.8","Bien","1 789 expériences vécues","€ 61,10","https://www.booking.com/hotel/fr/marina-bay-hotels.fr.html?sid=39a0448c6812c45860f5851e3e40121d","45.90611920","6.15546584"
14,"Ace Hotel Annecy","3 étoiles","8.2","Très bien","3 263 expériences vécues","€ 75,20","https://www.booking.com/hotel/fr/ace-annecy.fr.html?sid=39a0448c6812c45860f5851e3e40121d","45.88008995","6.09713048"
14,"Premiere Classe Annecy Cran-Gevrier","1 étoiles","6.1","Note","2 237 expériences vécues","€ 44,04","https://www.booking.com/hotel/fr/premiere-classe-annecy-cran-gevrier.fr.html?sid=39a0448c6812c45860f5851e3e40121d","45.89543080","6.10984620"
14,"Hôtel du Palais de l'Isle","3 étoiles","8.4","Très bien","1 380 expériences vécues","€ 82,10","https://www.booking.com/hotel/fr/du-palais-de-l-isle-annecy.fr.html?sid=39a0448c6812c45860f5851e3e40121d","45.89819586","6.12748235"
14,"Campanile Annecy Centre - Gare","3 étoiles","8.2","Très bien","2 473 expériences vécues","€ 65,90","https://www.booking.com/hotel/fr/campanile-annecy-centre-gare.fr.html?sid=39a0448c6812c45860f5851e3e40121d","45.90110730","6.12266150"
14,"Allobroges Park Hôtel","3 étoiles","8.7","Superbe","2 110 expériences vécues","€ 77,20","https://www.booking.com/hotel/fr/tiallobroges.fr.html?sid=39a0448c6812c45860f5851e3e40121d","45.90218661","6.12380505"
15,"Maison Barbillon Grenoble","3 étoiles","8.3","Très bien","832 expériences vécues","€ 71,25","https://www.booking.com/hotel/fr/maison-barbillon-grenoble.fr.html?sid=3b432ee181d375bc8ee8f1efe7a781dd","45.19079330","5.71669668"
15,"Okko Hotels Grenoble Jardin Hoche","4 étoiles","8.7","Superbe","1 573 expériences vécues","€ 88,80","https://www.booking.com/hotel/fr/okko-hotels-grenoble-jardin-hoche.fr.html?sid=3b432ee181d375bc8ee8f1efe7a781dd","45.18495018","5.72598981"
15,"Hôtel d’Angleterre Grenoble Hyper-Centre","3 étoiles","7.9","Bien","1 729 expériences vécues","€ 66,25","https://www.booking.com/hotel/fr/tiangleterre.fr.html?sid=3b432ee181d375bc8ee8f1efe7a781dd","45.18920402","5.72537228"
15,"ibis Grenoble Centre Bastille","3 étoiles","7.4","Bien","1 062 expériences vécues","€ 53,25","https://www.booking.com/hotel/fr/ibis-grenoble-centre.fr.html?sid=3b432ee181d375bc8ee8f1efe7a781dd","45.19052518","5.72641228"
15,"Le Grand Hôtel Grenoble","4 étoiles","8.7","Superbe","1 530 expériences vécues","€ 98,40","https://www.booking.com/hotel/fr/le-grand-grenoble-centre.fr.html?sid=3b432ee181d375bc8ee8f1efe7a781dd","45.19081504","5.72854802"
15,"B&B Hôtel Grenoble Centre Alpexpo","2 étoiles","7.6","Bien","1 111 expériences vécues","€ 57,90","https://www.booking.com/hotel/fr/b-amp-b-grenoble-centre-alpexpo.fr.html?sid=3b432ee181d375bc8ee8f1efe7a781dd","45.15883667","5.73443547"
15,"Kyriad Grenoble Centre","3 étoiles","7.8","Bien","1 433 expériences vécues","€ 57,05","https://www.booking.com/hotel/fr/qualityhotelgrenoble.fr.html?sid=3b432ee181d375bc8ee8f1efe7a781dd","45.16819994","5.71199477"
15,"Novotel Grenoble Centre","4 étoiles","7.7","Bien","1 174 expériences vécues","€ 89,40","https://www.booking.com/hotel/fr/grenoble-centre.fr.html?sid=3b432ee181d375bc8ee8f1efe7a781dd","45.19069500","5.71259558"
15,"ibis Grenoble Gare","3 étoiles","7.7","Bien","728 expériences vécues","€ 66,25","https://www.booking.com/hotel/fr/ibis-grenoble-gare.fr.html?sid=3b432ee181d375bc8ee8f1efe7a781dd","45.19289800","5.71739092"
15,"B&B Hôtel Grenoble Centre Verlaine","2 étoiles","6.8","Note","691 expériences vécues","€ 55,80","https://www.booking.com/hotel/fr/b-amp-b-grenoble-centre-verlaine.fr.html?sid=3b432ee181d375bc8ee8f1efe7a781dd","45.16191002","5.71498275"
16,"Radisson Blu Hotel, Lyon","4 étoiles","8.1","Très bien","6 972 expériences vécues","€ 131,50","https://www.booking.com/hotel/fr/radisson-blu-hotel-lyon.fr.html?sid=f2c36ee26330f22f3b4d6e3cf2b0093b","45.76106379","4.85515237"
16,"MOB HOTEL Lyon Confluence","3 étoiles","8.1","Très bien","5 610 expériences vécues","€ 78,95","https://www.booking.com/hotel/fr/mob-lyon-confluence.fr.html?sid=f2c36ee26330f22f3b4d6e3cf2b0093b","45.73461430","4.81598540"
16,"Campanile Lyon Centre Part-Dieu","3 étoiles","8","Très bien","5 198 expériences vécues","€ 66,65","https://www.booking.com/hotel/fr/campanile-lyon-centre-forum-part-dieu.fr.html?sid=f2c36ee26330f22f3b4d6e3cf2b0093b","45.76027411","4.86332774"
16,"Première Classe Lyon Centre Gare Part Dieu","2 étoiles","7.7","Bien","7 186 expériences vécues","€ 50,99","https://www.booking.com/hotel/fr/premiere-classe-lyon-centre-gare-part-dieu.fr.html?sid=f2c36ee26330f22f3b4d6e3cf2b0093b","45.75603458","4.85909857"
16,"MEININGER Hotel Lyon Centre Berthelot","","8.4","Très bien","3 588 expériences vécues","€ 54,33","https://www.booking.com/hotel/fr/meininger-lyon-centre-berthelot.fr.html?sid=f2c36ee26330f22f3b4d6e3cf2b0093b","45.74608300","4.83718700"
16,"Hôtel Charlemagne","4 étoiles","7.7","Bien","2 491 expériences vécues","€ 121","https://www.booking.com/hotel/fr/hotelbestwesterncharlemagne.fr.html?sid=f2c36ee26330f22f3b4d6e3cf2b0093b","45.74602253","4.82389390"
16,"Hôtel Axotel Lyon","3 étoiles","7.1","Bien","1 951 expériences vécues","€ 75,30","https://www.booking.com/hotel/fr/perrache.fr.html?sid=f2c36ee26330f22f3b4d6e3cf2b0093b","45.74468421","4.82580900"
16,"Campanile Lyon Centre - Berges du Rhône","3 étoiles","7.3","Bien","4 958 expériences vécues","€ 56,65","https://www.booking.com/hotel/fr/bleumarinelyoncentre.fr.html?sid=f2c36ee26330f22f3b4d6e3cf2b0093b","45.75669986","4.84195322"
16,"Ibis Budget Lyon Centre - Gare Part Dieu","2 étoiles","8.3","Très bien","3 451 expériences vécues","€ 55,99","https://www.booking.com/hotel/fr/etap-lyon-part-dieu.fr.html?sid=f2c36ee26330f22f3b4d6e3cf2b0093b","45.75927222","4.86149445"
16,"ibis budget Lyon Gerland","2 étoiles","6.5","Note","4 214 expériences vécues","€ 45,99","https://www.booking.com/hotel/fr/ibis-budget-lyon-gerland.fr.html?sid=f2c36ee26330f22f3b4d6e3cf2b0093b","45.72615010","4.84076590"
18,"Hôtel Paradis","2 étoiles","7.9","Bien","679 expériences vécues","€ 57","https://www.booking.com/hotel/fr/paradis.fr.html?sid=fec1d4bc76bc754760add9998169d809","43.14468600","6.33512500"
18,"Hotel Restaurant Bellevue","2 étoiles","7.7","Bien","371 expériences vécues","€ 67","https://www.booking.com/hotel/fr/restaurant-bellevue.fr.html?sid=fec1d4bc76bc754760add9998169d809","43.15187759","6.34313598"
18,"Hostellerie du Cigalou - Les Collectionneurs","3 étoiles","8","Très bien","588 expériences vécues","€ 83,30","https://www.booking.com/hotel/fr/hostellerie-du-cigalou.fr.html?sid=fec1d4bc76bc754760add9998169d809","43.15195790","6.34328350"
18,"Hotel Les Jardins de Bormes","3 étoiles","8.6","Superbe","293 expériences vécues","€ 93,30","https://www.booking.com/hotel/fr/new-life.fr.html?sid=fec1d4bc76bc754760add9998169d809","43.14893354","6.30326629"
18,"Hotel La Voile","3 étoiles","7.9","Bien","898 expériences vécues","","https://www.booking.com/hotel/fr/hotel-la-voile-fr.fr.html?sid=fec1d4bc76bc754760add9998169d809","43.12549000","6.35730000"
18,"Hôtel Les Mimosas","2 étoiles","7.6","Bien","448 expériences vécues","","https://www.booking.com/hotel/fr/restaurant-les-mimosas.fr.html?sid=fec1d4bc76bc754760add9998169d809","43.14918793","6.30026087"
18,"Eden Rose Grand Hotel BW Premier Collection","4 étoiles","8.7","Superbe","23 expériences vécues","€ 203,40","https://www.booking.com/hotel/fr/eden-rose-grand-bw-premier-collection.fr.html?sid=fec1d4bc76bc754760add9998169d809","43.15287200","6.34265400"
18,"Superbe Duplex 35m2 vue mer avec piscine","","8.4","Très bien","40 expériences vécues","€ 60,75","https://www.booking.com/hotel/fr/voir-les-photos-presentationemplacementcommentairesl-39-hote-2-pieces-35m2-borme.fr.html?sid=fec1d4bc76bc754760add9998169d809","43.14312170","6.35213980"
18,"HomeStay Bormes","","9.7","Exceptionnel","129 expériences vécues","€ 94,60","https://www.booking.com/hotel/fr/homestay-bormes-bormes-les-mimosas.fr.html?sid=fec1d4bc76bc754760add9998169d809","43.14644500","6.32772400"
18,"Studio centre historique de Bormes les Mimosas","","8.9","Superbe","54 expériences vécues","€ 63,30","https://www.booking.com/hotel/fr/studio-centre-historique-de-bormes-les-mimosas.fr.html?sid=fec1d4bc76bc754760add9998169d809","43.15036057","6.34262603"
19,"Best Western Plus Hôtel la Rade","3 étoiles","8","Très bien","954 expériences vécues","€ 84,30","https://www.booking.com/hotel/fr/la-rade-cassis.fr.html?sid=62fc8baacb9423aed24606ded67bfdc8","43.21522997","5.53369693"
19,"The Originals Boutique, Hôtel Cassitel, Cassis","2 étoiles","7.9","Bien","1 477 expériences vécues","€ 80,90","https://www.booking.com/hotel/fr/interhotel-cassitel.fr.html?sid=62fc8baacb9423aed24606ded67bfdc8","43.21370621","5.53895809"
19,"Royal Cottage","3 étoiles","8.2","Très bien","727 expériences vécues","€ 92,30","https://www.booking.com/hotel/fr/royal-cottage.fr.html?sid=62fc8baacb9423aed24606ded67bfdc8","43.21622493","5.54290026"
19,"Hotel Le Golfe","2 étoiles","7.6","Bien","1 100 expériences vécues","","https://www.booking.com/hotel/fr/le-golfe-cassis.fr.html?sid=62fc8baacb9423aed24606ded67bfdc8","43.21443438","5.53529486"
19,"Hotel de La Plage - Mahogany","3 étoiles","7.6","Bien","745 expériences vécues","","https://www.booking.com/hotel/fr/de-la-plage-cassis.fr.html?sid=62fc8baacb9423aed24606ded67bfdc8","43.21334946","5.53126283"
19,"Le Clos Des Arômes","","8.4","Très bien","644 expériences vécues","€ 59,95","https://www.booking.com/hotel/fr/le-clos-des-aromes.fr.html?sid=62fc8baacb9423aed24606ded67bfdc8","43.21627942","5.53816553"
19,"Les Jardins de Cassis","3 étoiles","8","Très bien","1 243 expériences vécues","","https://www.booking.com/hotel/fr/les-jardins-de-cassis.fr.html?sid=62fc8baacb9423aed24606ded67bfdc8","43.22184049","5.54338490"
19,"Le Cassiden","2 étoiles","7.8","Bien","474 expériences vécues","","https://www.booking.com/hotel/fr/le-provencal-cassis.fr.html?sid=62fc8baacb9423aed24606ded67bfdc8","43.21426920","5.53850010"
19,"Hôtel Les Roches Blanches Cassis","5 étoiles","8.8","Superbe","122 expériences vécues","","https://www.booking.com/hotel/fr/des-roches-blanches.fr.html?sid=62fc8baacb9423aed24606ded67bfdc8","43.21133700","5.52950200"
19,"HôTEL LES VOLETS ROUGES - CASSIS","","8.4","Très bien","726 expériences vécues","€ 79,06","https://www.booking.com/hotel/fr/du-joli-bois-cassis.fr.html?sid=62fc8baacb9423aed24606ded67bfdc8","43.23482930","5.51191052"
20,"Best Western Plus Hôtel la Rade","3 étoiles","8","Très bien","954 expériences vécues","€ 84,30","https://www.booking.com/hotel/fr/la-rade-cassis.fr.html?sid=0987c23fbff478cb3f087c67af776eeb","43.21522997","5.53369693"
20,"The Originals Boutique, Hôtel Cassitel, Cassis","2 étoiles","7.9","Bien","1 477 expériences vécues","€ 80,90","https://www.booking.com/hotel/fr/interhotel-cassitel.fr.html?sid=0987c23fbff478cb3f087c67af776eeb","43.21370621","5.53895809"
20,"Royal Cottage","3 étoiles","8.2","Très bien","727 expériences vécues","€ 92,30","https://www.booking.com/hotel/fr/royal-cottage.fr.html?sid=0987c23fbff478cb3f087c67af776eeb","43.21622493","5.54290026"
20,"Hotel Le Golfe","2 étoiles","7.6","Bien","1 100 expériences vécues","","https://www.booking.com/hotel/fr/le-golfe-cassis.fr.html?sid=0987c23fbff478cb3f087c67af776eeb","43.21443438","5.53529486"
20,"Hotel de La Plage - Mahogany","3 étoiles","7.6","Bien","745 expériences vécues","","https://www.booking.com/hotel/fr/de-la-plage-cassis.fr.html?sid=0987c23fbff478cb3f087c67af776eeb","43.21334946","5.53126283"
20,"Le Clos Des Arômes","","8.4","Très bien","644 expériences vécues","€ 59,95","https://www.booking.com/hotel/fr/le-clos-des-aromes.fr.html?sid=0987c23fbff478cb3f087c67af776eeb","43.21627942","5.53816553"
20,"Les Jardins de Cassis","3 étoiles","8","Très bien","1 243 expériences vécues","","https://www.booking.com/hotel/fr/les-jardins-de-cassis.fr.html?sid=0987c23fbff478cb3f087c67af776eeb","43.22184049","5.54338490"
20,"Le Cassiden","2 étoiles","7.8","Bien","474 expériences vécues","","https://www.booking.com/hotel/fr/le-provencal-cassis.fr.html?sid=0987c23fbff478cb3f087c67af776eeb","43.21426920","5.53850010"
20,"Hôtel Les Roches Blanches Cassis","5 étoiles","8.8","Superbe","122 expériences vécues","","https://www.booking.com/hotel/fr/des-roches-blanches.fr.html?sid=0987c23fbff478cb3f087c67af776eeb","43.21133700","5.52950200"
20,"HôTEL LES VOLETS ROUGES - CASSIS","","8.4","Très bien","726 expériences vécues","€ 79,06","https://www.booking.com/hotel/fr/du-joli-bois-cassis.fr.html?sid=0987c23fbff478cb3f087c67af776eeb","43.23482930","5.51191052"
21,"Campanile Aix-en-Provence Sud - Pont de l'Arc","3 étoiles","7.4","Bien","2 594 expériences vécues","€ 60,65","https://www.booking.com/hotel/fr/campanile-aix-en-provence-sud.fr.html?sid=8cdef070beab3c17119758235e8630d8","43.51191632","5.43665394"
21,"ibis budget Aix en Provence","2 étoiles","7.8","Bien","2 260 expériences vécues","€ 49,95","https://www.booking.com/hotel/fr/etap-aix-en-provence-les-milles.fr.html?sid=8cdef070beab3c17119758235e8630d8","43.49453015","5.36888123"
21,"Hôtel Birdy by Happyculture","4 étoiles","7.9","Bien","1 145 expériences vécues","€ 75","https://www.booking.com/hotel/fr/royal-mirabeau.fr.html?sid=8cdef070beab3c17119758235e8630d8","43.48142972","5.36561430"
21,"Golden Tulip Aix en Provence","4 étoiles","8.2","Très bien","1 743 expériences vécues","€ 92,50","https://www.booking.com/hotel/fr/golden-tulip-aix-en-provence.fr.html?sid=8cdef070beab3c17119758235e8630d8","43.52879731","5.42567968"
21,"Odalys City Aix en Provence Les Floridianes","3 étoiles","8.1","Très bien","1 549 expériences vécues","€ 81,50","https://www.booking.com/hotel/fr/les-floridianes.fr.html?sid=8cdef070beab3c17119758235e8630d8","43.52133318","5.44477701"
21,"Aquabella Hôtel & Spa","4 étoiles","8.4","Très bien","1 563 expériences vécues","€ 139,10","https://www.booking.com/hotel/fr/hotel-aquabella.fr.html?sid=8cdef070beab3c17119758235e8630d8","43.53126360","5.44507004"
21,"Hôtel des Augustins","3 étoiles","8.2","Très bien","1 418 expériences vécues","€ 112,30","https://www.booking.com/hotel/fr/les-augustins.fr.html?sid=8cdef070beab3c17119758235e8630d8","43.52688664","5.44727147"
21,"Renaissance Aix-en-Provence Hotel","5 étoiles","8.2","Très bien","1 210 expériences vécues","€ 176,60","https://www.booking.com/hotel/fr/renaissance-aix-en-provence.fr.html?sid=8cdef070beab3c17119758235e8630d8","43.52624048","5.43820493"
21,"Hôtel Rotonde","3 étoiles","8.2","Très bien","1 229 expériences vécues","€ 107,30","https://www.booking.com/hotel/fr/rotonde.fr.html?sid=8cdef070beab3c17119758235e8630d8","43.52391014","5.44249445"
21,"ibis Aix en Provence","3 étoiles","7.9","Bien","1 570 expériences vécues","€ 61,65","https://www.booking.com/hotel/fr/hatel-ibis-aix-en-provence.fr.html?sid=8cdef070beab3c17119758235e8630d8","43.51138683","5.46482384"
22,"Hôtel Le Bristol","4 étoiles","8.1","Très bien","2 605 expériences vécues","€ 79,96","https://www.booking.com/hotel/fr/hotel-bristol-avignon.fr.html?sid=5a11cf306a15da58eb8d4f8aa6ec6735","43.94403213","4.80533168"
22,"ibis budget Avignon Centre","2 étoiles","7.8","Bien","3 183 expériences vécues","€ 41,99","https://www.booking.com/hotel/fr/ibis-budget-avignon-centre.fr.html?sid=5a11cf306a15da58eb8d4f8aa6ec6735","43.94375631","4.79815236"
22,"Hôtel Danieli","3 étoiles","7.5","Bien","1 999 expériences vécues","€ 68","https://www.booking.com/hotel/fr/hoteldanieli.fr.html?sid=5a11cf306a15da58eb8d4f8aa6ec6735","43.94756619","4.80603039"
22,"Best Western Hôtel Le Paradou Avignon Sud.","3 étoiles","7.9","Bien","2 629 expériences vécues","€ 54,75","https://www.booking.com/hotel/fr/paradouavignon.fr.html?sid=5a11cf306a15da58eb8d4f8aa6ec6735","43.90489250","4.89553034"
22,"ibis Styles Avignon Sud","3 étoiles","8.3","Très bien","1 736 expériences vécues","€ 88,65","https://www.booking.com/hotel/fr/avignon.fr.html?sid=5a11cf306a15da58eb8d4f8aa6ec6735","43.92616548","4.84442085"
22,"hotelF1 Avignon Centre Courtine gare TGV","","6.7","Note","1 283 expériences vécues","€ 30,33","https://www.booking.com/hotel/fr/hotelf1-avignon-centre-courtine-gare-tgv.fr.html?sid=5a11cf306a15da58eb8d4f8aa6ec6735","43.92903200","4.78818900"
22,"Hôtel Cloitre Saint Louis Avignon","4 étoiles","7.8","Bien","1 921 expériences vécues","€ 109,96","https://www.booking.com/hotel/fr/clarioncloitrestlouis.fr.html?sid=5a11cf306a15da58eb8d4f8aa6ec6735","43.94380810","4.80494678"
22,"Kyriad Avignon - Palais des Papes","3 étoiles","8.2","Très bien","2 524 expériences vécues","€ 60,65","https://www.booking.com/hotel/fr/kyriad-avignon-palais-des-papes-xml.fr.html?sid=5a11cf306a15da58eb8d4f8aa6ec6735","43.94963777","4.80635896"
22,"Campanile Avignon Sud - Montfavet la Cristole","3 étoiles","7.2","Bien","1 057 expériences vécues","€ 56,65","https://www.booking.com/hotel/fr/campanile-avignon-sud-montfavet.fr.html?sid=5a11cf306a15da58eb8d4f8aa6ec6735","43.92592594","4.85080719"
22,"Premiere Classe Avignon Courtine Gare TGV","1 étoiles","6.1","Note","1 298 expériences vécues","€ 31,83","https://www.booking.com/hotel/fr/premiere-classe-avignon-courtine.fr.html?sid=5a11cf306a15da58eb8d4f8aa6ec6735","43.93020671","4.79032874"
23,"Logis Uzès Pont du Gard","3 étoiles","7.9","Bien","1 330 expériences vécues","€ 74","https://www.booking.com/hotel/fr/uzes.fr.html?sid=edb84757044395d146a5484118f8fd39","44.00284485","4.41645205"
23,"Boutique Hôtel Entraigues","4 étoiles","8.9","Superbe","945 expériences vécues","€ 125,81","https://www.booking.com/hotel/fr/entraigues-uzes2.fr.html?sid=edb84757044395d146a5484118f8fd39","44.01246437","4.42180011"
23,"Hostellerie Provençale","3 étoiles","8.7","Superbe","207 expériences vécues","€ 101","https://www.booking.com/hotel/fr/hostellerie-provencale.fr.html?sid=edb84757044395d146a5484118f8fd39","44.00924515","4.41617399"
23,"La Taverne","2 étoiles","8.8","Superbe","427 expériences vécues","€ 76,90","https://www.booking.com/hotel/fr/la-taverne.fr.html?sid=edb84757044395d146a5484118f8fd39","44.01465900","4.42005150"
23,"Hôtel Le Saint-Geniès","3 étoiles","8.9","Superbe","750 expériences vécues","","https://www.booking.com/hotel/fr/le-saint-genies.fr.html?sid=edb84757044395d146a5484118f8fd39","44.02305334","4.42047223"
23,"La Maison d'Uzès Relais & Châteaux","5 étoiles","8.6","Superbe","121 expériences vécues","€ 221,90","https://www.booking.com/hotel/fr/la-maison-d-uza-s.fr.html?sid=edb84757044395d146a5484118f8fd39","44.01274447","4.42113072"
23,"Patio De Violette","3 étoiles","8.6","Superbe","439 expériences vécues","","https://www.booking.com/hotel/fr/patio-de-violette.fr.html?sid=edb84757044395d146a5484118f8fd39","44.02843142","4.42002386"
23,"UZES APPART HOTEL Résidence Le Mas des Oliviers","","7.7","Bien","710 expériences vécues","€ 100,92","https://www.booking.com/hotel/fr/le-mas-des-oliviers-ulv.fr.html?sid=edb84757044395d146a5484118f8fd39","44.01263259","4.41414893"
23,"Le Mas du Lac","","8.5","Très bien","264 expériences vécues","€ 106,76","https://www.booking.com/hotel/fr/le-mas-du-lac.fr.html?sid=edb84757044395d146a5484118f8fd39","43.99228663","4.43396687"
23,"Le trente trois","","9.2","Fabuleux","368 expériences vécues","€ 84,40","https://www.booking.com/hotel/fr/le-trente-trois.fr.html?sid=edb84757044395d146a5484118f8fd39","44.00964195","4.41788524"
24,"ibis budget Nimes Centre Gare","2 étoiles","8","Très bien","2 243 expériences vécues","€ 41,84","https://www.booking.com/hotel/fr/ibis-budget-nimes-centre-gare.fr.html?sid=3d849e1696bbf8f4aabc6e126333ba51","43.83205590","4.36736450"
24,"Campanile Nîmes Centre Mas-Carbonnel","3 étoiles","7","Bien","1 923 expériences vécues","€ 50","https://www.booking.com/hotel/fr/campanile-nimes-centre-mas-carbonnel.fr.html?sid=3d849e1696bbf8f4aabc6e126333ba51","43.82273112","4.36412573"
24,"HÔTEL B&B Ville Active, parking sécurisé gratuit","3 étoiles","7.5","Bien","1 877 expériences vécues","€ 63","https://www.booking.com/hotel/fr/b-amp-b-nimes-villes-active.fr.html?sid=3d849e1696bbf8f4aabc6e126333ba51","43.81578340","4.34631270"
24,"Royal Hôtel","3 étoiles","8.1","Très bien","1 065 expériences vécues","€ 80","https://www.booking.com/hotel/fr/royal.fr.html?sid=3d849e1696bbf8f4aabc6e126333ba51","43.83881510","4.35481846"
24,"Logis NIMOTEL Hôtel Cosy","3 étoiles","7.3","Bien","2 756 expériences vécues","€ 66","https://www.booking.com/hotel/fr/nimotel.fr.html?sid=3d849e1696bbf8f4aabc6e126333ba51","43.81557635","4.34660353"
24,"HÔTEL C SUITES chambres spacieuses","4 étoiles","7.3","Bien","2 536 expériences vécues","€ 81,36","https://www.booking.com/hotel/fr/c-suites.fr.html?sid=3d849e1696bbf8f4aabc6e126333ba51","43.81537700","4.34590500"
24,"Best Western Marquis de la Baume","4 étoiles","7.9","Bien","1 986 expériences vécues","€ 86,18","https://www.booking.com/hotel/fr/ha-tel-la-baume.fr.html?sid=3d849e1696bbf8f4aabc6e126333ba51","43.83959476","4.36108410"
24,"Hôtel & Spa Vatel","4 étoiles","8.2","Très bien","807 expériences vécues","€ 96,18","https://www.booking.com/hotel/fr/vatel.fr.html?sid=3d849e1696bbf8f4aabc6e126333ba51","43.82057675","4.31912698"
24,"B&B Hôtel Nîmes Centre Arènes","2 étoiles","7.4","Bien","1 405 expériences vécues","€ 52,68","https://www.booking.com/hotel/fr/b-amp-b-nimes-centre-ville.fr.html?sid=3d849e1696bbf8f4aabc6e126333ba51","43.82816140","4.35479020"
24,"ibis Nîmes Ouest - A9","3 étoiles","7.8","Bien","1 672 expériences vécues","€ 54","https://www.booking.com/hotel/fr/ibis-na-r-mes-ouest.fr.html?sid=3d849e1696bbf8f4aabc6e126333ba51","43.81389059","4.34434175"
25,"Hôtel Saint Louis","3 étoiles","8.4","Très bien","604 expériences vécues","€ 81,40","https://www.booking.com/hotel/fr/saint-louis-aigues-mortes.fr.html?sid=26e0663d39d9f19ea67f5140c0c79c8f","43.56721967","4.18934360"
25,"Hotel Canal Aigues Mortes","3 étoiles","8.6","Superbe","871 expériences vécues","€ 97,20","https://www.booking.com/hotel/fr/canal-aigues-mortes.fr.html?sid=26e0663d39d9f19ea67f5140c0c79c8f","43.57298752","4.19482470"
25,"La Villa Mazarin","5 étoiles","9.1","Fabuleux","740 expériences vécues","€ 139,40","https://www.booking.com/hotel/fr/la-villa-mazarin.fr.html?sid=26e0663d39d9f19ea67f5140c0c79c8f","43.56498662","4.19175196"
25,"Hotel Des 4 Vents","3 étoiles","8.3","Très bien","753 expériences vécues","€ 82,30","https://www.booking.com/hotel/fr/des-4-vents.fr.html?sid=26e0663d39d9f19ea67f5140c0c79c8f","43.57702546","4.19753909"
25,"Maison des Croisades","","8.9","Superbe","564 expériences vécues","","https://www.booking.com/hotel/fr/des-croisades.fr.html?sid=26e0663d39d9f19ea67f5140c0c79c8f","43.56899740","4.18829820"
25,"Hôtel-Restaurant ""Chez Carrière""","","8.8","Superbe","643 expériences vécues","€ 89,72","https://www.booking.com/hotel/fr/restaurant-quot-chez-carriere-quot.fr.html?sid=26e0663d39d9f19ea67f5140c0c79c8f","43.56651351","4.19115815"
25,"Hôtel Le Médiéval","2 étoiles","7.3","Bien","517 expériences vécues","€ 82","https://www.booking.com/hotel/fr/le-medieval.fr.html?sid=26e0663d39d9f19ea67f5140c0c79c8f","43.57186625","4.19366169"
25,"Noemys Aigues-Mortes - ex Mona Lisa Royal Hôtel","2 étoiles","6.9","Note","1 375 expériences vécues","","https://www.booking.com/hotel/fr/le-royal-hotel-aigues-mortes.fr.html?sid=26e0663d39d9f19ea67f5140c0c79c8f","43.57639589","4.19781804"
25,"Boutique Hôtel des Remparts & Spa","4 étoiles","9.6","Exceptionnel","262 expériences vécues","€ 278,30","https://www.booking.com/hotel/fr/les-remparts-aigues-mortes.fr.html?sid=26e0663d39d9f19ea67f5140c0c79c8f","43.56803552","4.19034380"
25,"Le Mas Des Sables","3 étoiles","7.8","Bien","818 expériences vécues","","https://www.booking.com/hotel/fr/le-mas-des-sables-aigues-mortes.fr.html?sid=26e0663d39d9f19ea67f5140c0c79c8f","43.58606025","4.19745116"
26,"Le Castelet","2 étoiles","7.4","Bien","1 348 expériences vécues","€ 55","https://www.booking.com/hotel/fr/le-castelet-les-saintes-maries-de-la-mer.fr.html?sid=166d2385d3f4c5db67b8667f877e4865","43.45134949","4.42507625"
26,"Hotel Les Palmiers En Camargue","2 étoiles","8.1","Très bien","1 289 expériences vécues","€ 67","https://www.booking.com/hotel/fr/les-palmiers-en-camargue.fr.html?sid=166d2385d3f4c5db67b8667f877e4865","43.45106618","4.42509368"
26,"Thalacap Camargue","3 étoiles","7.7","Bien","897 expériences vécues","€ 122,10","https://www.booking.com/hotel/fr/thalacap-camargue.fr.html?sid=166d2385d3f4c5db67b8667f877e4865","43.45349134","4.43545103"
26,"Le Dauphin Bleu","3 étoiles","8.6","Superbe","944 expériences vécues","€ 100,10","https://www.booking.com/hotel/fr/le-dauphin-bleu.fr.html?sid=166d2385d3f4c5db67b8667f877e4865","43.45233086","4.43364993"
26,"Hotel Le Bleu Marine","2 étoiles","8.4","Très bien","519 expériences vécues","€ 55","https://www.booking.com/hotel/fr/le-bleu-marine.fr.html?sid=166d2385d3f4c5db67b8667f877e4865","43.45463818","4.43320200"
26,"La Tramontane","3 étoiles","9.1","Fabuleux","1 246 expériences vécues","","https://www.booking.com/hotel/fr/la-tramontane.fr.html?sid=166d2385d3f4c5db67b8667f877e4865","43.47260109","4.41012025"
26,"Hôtel Les Arcades","2 étoiles","8.7","Superbe","475 expériences vécues","€ 66,64","https://www.booking.com/hotel/fr/ha-tel-les-arcades.fr.html?sid=166d2385d3f4c5db67b8667f877e4865","43.45262780","4.43076655"
26,"Hôtel Casa Marina","3 étoiles","8.9","Superbe","472 expériences vécues","€ 94","https://www.booking.com/hotel/fr/casa-marina-saintes-maries-de-la-mer.fr.html?sid=166d2385d3f4c5db67b8667f877e4865","43.45113300","4.43095300"
26,"Auberge de la Fadaise","","8.5","Très bien","367 expériences vécues","€ 81,37","https://www.booking.com/hotel/fr/auberge-de-la-fadaise.fr.html?sid=166d2385d3f4c5db67b8667f877e4865","43.48647018","4.40415502"
26,"Vila De La Mar & Spa","4 étoiles","8.2","Très bien","442 expériences vécues","€ 170","https://www.booking.com/hotel/fr/bastide-blanche-saintes-maries-de-la-mer.fr.html?sid=166d2385d3f4c5db67b8667f877e4865","43.45334531","4.43066597"
27,"Hôtel Princes de Catalogne","3 étoiles","8.1","Très bien","1 516 expériences vécues","","https://www.booking.com/hotel/fr/princes-de-catalogne.fr.html?sid=aec7a7bbe40c9adb1a69e2797d9bbf69","42.52591431","3.08268160"
27,"Hôtel Triton","2 étoiles","7.4","Bien","953 expériences vécues","€ 64","https://www.booking.com/hotel/fr/triton.fr.html?sid=aec7a7bbe40c9adb1a69e2797d9bbf69","42.52371617","3.08713473"
27,"Hôtel la Bona Casa","","8.4","Très bien","801 expériences vécues","€ 82,68","https://www.booking.com/hotel/fr/la-bona-casa.fr.html?sid=aec7a7bbe40c9adb1a69e2797d9bbf69","42.52547153","3.08269870"
27,"La Frégate","3 étoiles","8.1","Très bien","1 193 expériences vécues","€ 85,30","https://www.booking.com/hotel/fr/la-fra-c-gate-collioure.fr.html?sid=aec7a7bbe40c9adb1a69e2797d9bbf69","42.52638625","3.08325659"
27,"Hôtel des Templiers","2 étoiles","8.1","Très bien","758 expériences vécues","€ 89,98","https://www.booking.com/hotel/fr/ha-tel-des-templiers.fr.html?sid=aec7a7bbe40c9adb1a69e2797d9bbf69","42.52666546","3.08394089"
27,"Le Madeloc Hôtel & Spa","3 étoiles","8.8","Superbe","709 expériences vécues","€ 106,48","https://www.booking.com/hotel/fr/madeloc.fr.html?sid=aec7a7bbe40c9adb1a69e2797d9bbf69","42.52876467","3.07865426"
27,"Chambres Rue de la République","","7.6","Bien","409 expériences vécues","","https://www.booking.com/hotel/fr/chambres-rue-de-la-republique.fr.html?sid=aec7a7bbe40c9adb1a69e2797d9bbf69","42.52556370","3.08279672"
27,"Hôtel La Casa Pairal","4 étoiles","8.7","Superbe","682 expériences vécues","€ 145,50","https://www.booking.com/hotel/fr/hotelcasapairal.fr.html?sid=aec7a7bbe40c9adb1a69e2797d9bbf69","42.52616733","3.08235571"
27,"Le Mas des Citronniers","3 étoiles","8","Très bien","844 expériences vécues","","https://www.booking.com/hotel/fr/lesmasdescitronniers.fr.html?sid=aec7a7bbe40c9adb1a69e2797d9bbf69","42.52538159","3.08256391"
27,"Hotel Méditerranée","3 étoiles","7.9","Bien","760 expériences vécues","","https://www.booking.com/hotel/fr/mediterranee-collioure.fr.html?sid=aec7a7bbe40c9adb1a69e2797d9bbf69","42.52708254","3.08026291"
28,"SOWELL HOTELS Les Chevaliers","4 étoiles","8.2","Très bien","3 358 expériences vécues","€ 59,80","https://www.booking.com/hotel/fr/soleil-vacances-les-chevaliers.fr.html?sid=2147de0548eebe6d1d471c36b9e20a7e","43.21103244","2.35819995"
28,"ibis budget Carcassonne La Cité","2 étoiles","7.7","Bien","3 196 expériences vécues","€ 35,99","https://www.booking.com/hotel/fr/ibis-budget-carcassonne-la-cite.fr.html?sid=2147de0548eebe6d1d471c36b9e20a7e","43.20765481","2.37880826"
28,"ibis budget Carcassonne Aéroport - A61","2 étoiles","7.8","Bien","1 571 expériences vécues","€ 35,99","https://www.booking.com/hotel/fr/etap-carcassonne-aeroport.fr.html?sid=2147de0548eebe6d1d471c36b9e20a7e","43.20451891","2.31039047"
28,"ibis Styles Carcassonne La Cité","3 étoiles","8.6","Superbe","2 316 expériences vécues","€ 63,43","https://www.booking.com/hotel/fr/inter-les-oliviers.fr.html?sid=2147de0548eebe6d1d471c36b9e20a7e","43.20758443","2.37271428"
28,"Best Western Plus Le Donjon - Cœur de La Cité Médiévale","4 étoiles","8.4","Très bien","2 141 expériences vécues","€ 103,13","https://www.booking.com/hotel/fr/bestwesternledonjon.fr.html?sid=2147de0548eebe6d1d471c36b9e20a7e","43.20646420","2.36363366"
28,"Mercure Carcassonne Porte De La Cité","4 étoiles","8.2","Très bien","1 922 expériences vécues","€ 82,16","https://www.booking.com/hotel/fr/carcassonne-porte-de-la-cite.fr.html?sid=2147de0548eebe6d1d471c36b9e20a7e","43.20716410","2.36981213"
28,"Hôtel Montmorency & Spa","3 étoiles","8.4","Très bien","1 333 expériences vécues","€ 67,86","https://www.booking.com/hotel/fr/montmorency.fr.html?sid=2147de0548eebe6d1d471c36b9e20a7e","43.20706635","2.36708701"
28,"Audotel","2 étoiles","8","Très bien","1 244 expériences vécues","€ 42,98","https://www.booking.com/hotel/fr/ptit-dej-audotel.fr.html?sid=2147de0548eebe6d1d471c36b9e20a7e","43.20528921","2.40765542"
28,"Hôtel l'Aragon","3 étoiles","8.6","Superbe","2 045 expériences vécues","€ 67,43","https://www.booking.com/hotel/fr/l-aragon.fr.html?sid=2147de0548eebe6d1d471c36b9e20a7e","43.20779948","2.36734718"
28,"Hotel Espace Cite","2 étoiles","8.5","Très bien","2 138 expériences vécues","€ 60,99","https://www.booking.com/hotel/fr/inter-espace-cite.fr.html?sid=2147de0548eebe6d1d471c36b9e20a7e","43.20835470","2.36776024"
30,"ibis budget Toulouse Centre Gare","2 étoiles","7.4","Bien","5 147 expériences vécues","€ 42,99","https://www.booking.com/hotel/fr/ibis-budget-toulouse-centre.fr.html?sid=db002fee5243f928f479a49310882a78","43.61560862","1.44477457"
30,"Ibis Styles Toulouse Centre Canal du Midi","3 étoiles","7.2","Bien","1 686 expériences vécues","€ 53,50","https://www.booking.com/hotel/fr/kyriad-toulouse.fr.html?sid=db002fee5243f928f479a49310882a78","43.60147090","1.45706829"
30,"Hotel Ours Blanc - Place Victor Hugo","2 étoiles","7.2","Bien","2 256 expériences vécues","€ 42,99","https://www.booking.com/hotel/fr/ours-blanc-25-place-victor-hugo.fr.html?sid=db002fee5243f928f479a49310882a78","43.60701882","1.44618474"
30,"Le Grand Balcon Hotel","4 étoiles","8.7","Superbe","1 717 expériences vécues","€ 109","https://www.booking.com/hotel/fr/le-grand-balcon-toulouse.fr.html?sid=db002fee5243f928f479a49310882a78","43.60487367","1.44249469"
30,"Campanile Toulouse Purpan","3 étoiles","8.3","Très bien","3 284 expériences vécues","€ 48,40","https://www.booking.com/hotel/fr/campanilepurpan.fr.html?sid=db002fee5243f928f479a49310882a78","43.60681004","1.39372945"
30,"ibis budget Toulouse Cité de l'Espace 2","2 étoiles","7.3","Bien","1 779 expériences vécues","€ 43,99","https://www.booking.com/hotel/fr/ibis-budget-toulouse-cita-c-de-l-espace-2.fr.html?sid=db002fee5243f928f479a49310882a78","43.58447234","1.49344003"
30,"Hotel Ours Blanc - Centre","3 étoiles","7.2","Bien","2 013 expériences vécues","€ 56,65","https://www.booking.com/hotel/fr/ours-blanc-centre.fr.html?sid=db002fee5243f928f479a49310882a78","43.60627400","1.44707523"
30,"Campanile Toulouse Balma - Cité de l'Espace","3 étoiles","8.3","Très bien","2 221 expériences vécues","€ 60,15","https://www.booking.com/hotel/fr/campaniletoulousecitedelespace.fr.html?sid=db002fee5243f928f479a49310882a78","43.58409510","1.49317369"
30,"Premiere Classe Toulouse Sesquières","1 étoiles","5.8","Note","2 208 expériences vécues","€ 39,88","https://www.booking.com/hotel/fr/premiereclassetoulouse.fr.html?sid=db002fee5243f928f479a49310882a78","43.64653885","1.41912930"
30,"ibis Styles Toulouse Centre Gare","3 étoiles","7.9","Bien","1 747 expériences vécues","€ 53,65","https://www.booking.com/hotel/fr/terminus-toulouse.fr.html?sid=db002fee5243f928f479a49310882a78","43.61112245","1.45225525"
31,"Abbaye des Capucins Spa & Resort","4 étoiles","8.4","Très bien","1 738 expériences vécues","€ 111,10","https://www.booking.com/hotel/fr/abbaye-des-capucins-spa-and-resort.fr.html?sid=7f1f5086992076b14f7536a411846bb4","44.02054293","1.34956688"
31,"Premiere Classe Montauban","1 étoiles","5.2","Note","1 658 expériences vécues","€ 37,55","https://www.booking.com/hotel/fr/hotelpremiereclasse.fr.html?sid=7f1f5086992076b14f7536a411846bb4","43.98291262","1.33401543"
31,"B&B Hôtel Montauban","2 étoiles","8","Très bien","973 expériences vécues","€ 59,50","https://www.booking.com/hotel/fr/b-amp-b-montauban.fr.html?sid=7f1f5086992076b14f7536a411846bb4","44.04011965","1.38602390"
31,"Hotel Kyriad Montauban","3 étoiles","7.5","Bien","755 expériences vécues","€ 55,90","https://www.booking.com/hotel/fr/kyriad-montauban-montauban.fr.html?sid=7f1f5086992076b14f7536a411846bb4","44.04666211","1.39004409"
31,"ibis budget Montauban Les Chaumes","2 étoiles","7.7","Bien","535 expériences vécues","€ 52,75","https://www.booking.com/hotel/fr/ibis-budget-montauban-les-chaumes.fr.html?sid=7f1f5086992076b14f7536a411846bb4","44.00649224","1.38643178"
31,"hotelF1 Montauban","","5.6","Note","529 expériences vécues","€ 26,99","https://www.booking.com/hotel/fr/hotelf1-montauban.fr.html?sid=7f1f5086992076b14f7536a411846bb4","44.00734700","1.38512900"
31,"Brit Hotel Confort Montauban","3 étoiles","7.5","Bien","443 expériences vécues","€ 59,80","https://www.booking.com/hotel/fr/deltour-montauban-city.fr.html?sid=7f1f5086992076b14f7536a411846bb4","43.98081084","1.33039445"
31,"ibis Montauban","3 étoiles","8","Très bien","577 expériences vécues","€ 69,90","https://www.booking.com/hotel/fr/ha-tel-ibis-montauban.fr.html?sid=7f1f5086992076b14f7536a411846bb4","44.00536750","1.38373420"
31,"Kyriad Montauban Sud - Albasud","3 étoiles","6.4","Note","441 expériences vécues","€ 49,90","https://www.booking.com/hotel/fr/hoteletrestaurantcampanilemontauban.fr.html?sid=7f1f5086992076b14f7536a411846bb4","43.98204027","1.33269846"
31,"Kyriad Direct Montauban Centre","2 étoiles","7.3","Bien","751 expériences vécues","€ 54,11","https://www.booking.com/hotel/fr/kyriad-direct-montauban-centre.fr.html?sid=7f1f5086992076b14f7536a411846bb4","44.02246008","1.35816604"
32,"Hôtel Le Windsor Biarritz","4 étoiles","8.5","Très bien","1 889 expériences vécues","€ 107,60","https://www.booking.com/hotel/fr/inter-windsor.fr.html?sid=06150c28fb24ad6aab4aa5be173c6e26","43.48437426","-1.55863568"
32,"Campanile Biarritz","3 étoiles","6.6","Note","2 662 expériences vécues","€ 60,30","https://www.booking.com/hotel/fr/campanile-biarritz.fr.html?sid=06150c28fb24ad6aab4aa5be173c6e26","43.46638758","-1.54004395"
32,"Best Western Kemaris","3 étoiles","8.3","Très bien","1 915 expériences vécues","€ 62,50","https://www.booking.com/hotel/fr/best-western-kemaris.fr.html?sid=06150c28fb24ad6aab4aa5be173c6e26","43.47650270","-1.56245649"
32,"Premiere Classe Biarritz","","5.1","Note","3 180 expériences vécues","€ 37,50","https://www.booking.com/hotel/fr/premiere-classe-biarritz.fr.html?sid=06150c28fb24ad6aab4aa5be173c6e26","43.46632918","-1.54057503"
32,"Radisson Blu Hotel Biarritz","4 étoiles","7.5","Bien","1 708 expériences vécues","€ 109,30","https://www.booking.com/hotel/fr/radisson-blu-hotel-biarritz.fr.html?sid=06150c28fb24ad6aab4aa5be173c6e26","43.47827192","-1.56469077"
32,"Sure Hotel by Best Western Biarritz Aeroport","3 étoiles","7.7","Bien","1 250 expériences vécues","€ 59,95","https://www.booking.com/hotel/fr/amaryshotel.fr.html?sid=06150c28fb24ad6aab4aa5be173c6e26","43.47220790","-1.53489947"
32,"Grand Tonic Hotel & SPA Biarritz","4 étoiles","7.7","Bien","1 449 expériences vécues","€ 92,40","https://www.booking.com/hotel/fr/tonic-hotel-biarritz.fr.html?sid=06150c28fb24ad6aab4aa5be173c6e26","43.48447351","-1.55694455"
32,"Hôtel Cosmopolitain","3 étoiles","8.4","Très bien","1 071 expériences vécues","€ 76,60","https://www.booking.com/hotel/fr/palacito.fr.html?sid=06150c28fb24ad6aab4aa5be173c6e26","43.48217900","-1.56183958"
32,"Best Western Plus Hôtel Littéraire Jules Verne","4 étoiles","8.3","Très bien","901 expériences vécues","€ 74,45","https://www.booking.com/hotel/fr/karitza-biarritz.fr.html?sid=06150c28fb24ad6aab4aa5be173c6e26","43.47853954","-1.55539960"
32,"Hôtel Le Biarritz","3 étoiles","7.6","Bien","1 380 expériences vécues","€ 106,30","https://www.booking.com/hotel/fr/hotellebiarritz.fr.html?sid=06150c28fb24ad6aab4aa5be173c6e26","43.46889876","-1.56856120"
33,"ibis budget Bayonne","2 étoiles","7.7","Bien","4 542 expériences vécues","€ 44,80","https://www.booking.com/hotel/fr/ibis-budget-bayonne.fr.html?sid=09e221c929442b0babf281b727b3f874","43.48908262","-1.45717809"
33,"Hotel Cote Basque","2 étoiles","8","Très bien","3 334 expériences vécues","€ 58,94","https://www.booking.com/hotel/fr/cote-basque.fr.html?sid=09e221c929442b0babf281b727b3f874","43.49618306","-1.46960109"
33,"Campanile Bayonne","3 étoiles","6.6","Note","1 491 expériences vécues","€ 50,29","https://www.booking.com/hotel/fr/campanile-bayonne.fr.html?sid=09e221c929442b0babf281b727b3f874","43.49112493","-1.45484090"
33,"Premiere Classe Bayonne","","6","Note","2 028 expériences vécues","€ 47,25","https://www.booking.com/hotel/fr/premiere-classe-bayonne.fr.html?sid=09e221c929442b0babf281b727b3f874","43.49048959","-1.45203531"
33,"Okko Hotels Bayonne Centre","4 étoiles","8.5","Très bien","2 124 expériences vécues","€ 90,94","https://www.booking.com/hotel/fr/okko-hotels-bayonne-centre.fr.html?sid=09e221c929442b0babf281b727b3f874","43.49534430","-1.48251180"
33,"B&B Hôtel Bayonne","2 étoiles","7.3","Bien","1 447 expériences vécues","€ 55,88","https://www.booking.com/hotel/fr/b-amp-b-bayonne.fr.html?sid=09e221c929442b0babf281b727b3f874","43.46451470","-1.49596530"
33,"ibis Bayonne Centre","3 étoiles","7.9","Bien","1 178 expériences vécues","€ 59,79","https://www.booking.com/hotel/fr/ibis-bayonne.fr.html?sid=09e221c929442b0babf281b727b3f874","43.49271300","-1.46565900"
33,"Hôtel Villa KOEGUI Bayonne","4 étoiles","8.9","Superbe","759 expériences vécues","€ 97,20","https://www.booking.com/hotel/fr/villa-koegui-bayonne.fr.html?sid=09e221c929442b0babf281b727b3f874","43.49237100","-1.47258800"
33,"Hôtel Le Bayonne","4 étoiles","7.9","Bien","2 779 expériences vécues","€ 64,97","https://www.booking.com/hotel/fr/le-bayonne-ha-tel.fr.html?sid=09e221c929442b0babf281b727b3f874","43.48502620","-1.47537053"
33,"ibis Styles Bayonne","3 étoiles","8.2","Très bien","876 expériences vécues","€ 62,29","https://www.booking.com/hotel/fr/loustau.fr.html?sid=09e221c929442b0babf281b727b3f874","43.49540574","-1.47082418"
34,"Hôtel Le Rochelois","2 étoiles","8","Très bien","2 951 expériences vécues","€ 66,98","https://www.booking.com/hotel/fr/le-rochelois.fr.html?sid=7240f81f0addba4c934c8378c3bd2d8a","46.15418175","-1.18243652"
34,"Première Classe La Rochelle Centre - Les Minimes","2 étoiles","7.6","Bien","3 439 expériences vécues","€ 43,89","https://www.booking.com/hotel/fr/premia-re-classe-la-rochelle-centre-les-minimes.fr.html?sid=7240f81f0addba4c934c8378c3bd2d8a","46.14702834","-1.15308466"
34,"Hôtel Altica La Rochelle","2 étoiles","6.9","Note","1 800 expériences vécues","€ 44,98","https://www.booking.com/hotel/fr/altica-la-rochelle.fr.html?sid=7240f81f0addba4c934c8378c3bd2d8a","46.14939066","-1.15375221"
34,"Hôtel Kyriad La Rochelle Centre Ville","3 étoiles","8.1","Très bien","2 465 expériences vécues","€ 60,65","https://www.booking.com/hotel/fr/kyriad-la-rochelle-centre.fr.html?sid=7240f81f0addba4c934c8378c3bd2d8a","46.15779643","-1.13840461"
34,"Hotel La Fabrique","3 étoiles","8.5","Très bien","1 912 expériences vécues","€ 78,30","https://www.booking.com/hotel/fr/la-fabrique-la-rochelle.fr.html?sid=7240f81f0addba4c934c8378c3bd2d8a","46.15615500","-1.14858300"
34,"B&B La Rochelle Centre","2 étoiles","8.1","Très bien","1 435 expériences vécues","€ 54,18","https://www.booking.com/hotel/fr/b-amp-b-la-rochelle-centre.fr.html?sid=7240f81f0addba4c934c8378c3bd2d8a","46.15450177","-1.14467164"
34,"Maisons du Monde Hôtel & Suites - La Rochelle Vieux Port","4 étoiles","8.4","Très bien","1 034 expériences vécues","€ 105,06","https://www.booking.com/hotel/fr/inter-saint-jean-d-acre.fr.html?sid=7240f81f0addba4c934c8378c3bd2d8a","46.15619304","-1.15443483"
34,"Kyriad La Rochelle Centre - Les Minimes","3 étoiles","8","Très bien","2 126 expériences vécues","€ 60,65","https://www.booking.com/hotel/fr/kyriad-la-rochelle-centre-les-minimes-xml.fr.html?sid=7240f81f0addba4c934c8378c3bd2d8a","46.14630971","-1.15289390"
34,"Central Park Hôtel & Spa","4 étoiles","8.7","Superbe","1 817 expériences vécues","€ 90,06","https://www.booking.com/hotel/fr/central-park-amp-spa.fr.html?sid=7240f81f0addba4c934c8378c3bd2d8a","46.15891333","-1.16082335"
34,"ibis La Rochelle Vieux Port","3 étoiles","8.2","Très bien","1 842 expériences vécues","€ 68,65","https://www.booking.com/hotel/fr/ibis-la-rochelle-vieux-port.fr.html?sid=7240f81f0addba4c934c8378c3bd2d8a","46.15582940","-1.14855800"
